{
    "MLP_1000": {
        "std_verification_cost": 1.2303994735081991,
        "std_computing_cost": 0.8000753879547119,
        "model_size": 6668299
    },
    "MLP_1010": {
        "std_verification_cost": 2.2270272016525268,
        "std_computing_cost": 0.8090535004933676,
        "model_size": 6772422
    },
    "MLP_1020": {
        "std_verification_cost": 1.0318379084269205,
        "std_computing_cost": 0.82272367477417,
        "model_size": 6877374
    },
    "MLP_1030": {
        "std_verification_cost": 1.5101906299591064,
        "std_computing_cost": 0.833329725265503,
        "model_size": 6983536
    },
    "MLP_1040": {
        "std_verification_cost": 1.5214322010676067,
        "std_computing_cost": 0.8454962094624837,
        "model_size": 7089831
    },
    "MLP_1050": {
        "std_verification_cost": 0.9940539757410686,
        "std_computing_cost": 0.856336259841919,
        "model_size": 7197372
    },
    "MLP_1060": {
        "std_verification_cost": 2.48421467145284,
        "std_computing_cost": 0.8727481047312419,
        "model_size": 7305302
    },
    "MLP_1070": {
        "std_verification_cost": 1.8483872969945272,
        "std_computing_cost": 0.8818637609481812,
        "model_size": 7414111
    },
    "MLP_1080": {
        "std_verification_cost": 1.0193044344584148,
        "std_computing_cost": 0.8897029002507527,
        "model_size": 7524126
    },
    "MLP_1090": {
        "std_verification_cost": 1.7170190413792927,
        "std_computing_cost": 0.9032779693603515,
        "model_size": 7633799
    },
    "MLP_1100": {
        "std_verification_cost": 1.0749168316523234,
        "std_computing_cost": 0.9168364763259887,
        "model_size": 7745275
    },
    "MLP_1110": {
        "std_verification_cost": 1.0057021458943685,
        "std_computing_cost": 0.9273523330688477,
        "model_size": 7856335
    },
    "MLP_1120": {
        "std_verification_cost": 1.9848047971725464,
        "std_computing_cost": 0.9396554708480835,
        "model_size": 7969193
    },
    "MLP_1130": {
        "std_verification_cost": 1.4415283203125,
        "std_computing_cost": 0.95253853003184,
        "model_size": 8082985
    },
    "MLP_1140": {
        "std_verification_cost": 1.3511627197265625,
        "std_computing_cost": 0.9652630488077799,
        "model_size": 8197046
    },
    "MLP_1150": {
        "std_verification_cost": 1.538252305984497,
        "std_computing_cost": 0.9771275917689005,
        "model_size": 8311418
    },
    "MLP_1160": {
        "std_verification_cost": 1.4646299759546915,
        "std_computing_cost": 0.989811364809672,
        "model_size": 8427151
    },
    "MLP_1170": {
        "std_verification_cost": 1.666634194056193,
        "std_computing_cost": 1.0032063245773315,
        "model_size": 8543896
    },
    "MLP_1180": {
        "std_verification_cost": 1.0101906776428222,
        "std_computing_cost": 1.0185697635014852,
        "model_size": 8660630
    },
    "MLP_1190": {
        "std_verification_cost": 1.6373896916707358,
        "std_computing_cost": 1.0311539967854817,
        "model_size": 8778041
    },
    "MLP_1200": {
        "std_verification_cost": 1.989918867746989,
        "std_computing_cost": 1.043277883529663,
        "model_size": 8896156
    },
    "MLP_1210": {
        "std_verification_cost": 1.7307247718175252,
        "std_computing_cost": 1.0606724739074707,
        "model_size": 9015188
    },
    "MLP_1220": {
        "std_verification_cost": 1.0057348966598512,
        "std_computing_cost": 1.0718695084253946,
        "model_size": 9135177
    },
    "MLP_1230": {
        "std_verification_cost": 2.55930118560791,
        "std_computing_cost": 1.0871305783589682,
        "model_size": 9255993
    },
    "MLP_1240": {
        "std_verification_cost": 1.1505557854970296,
        "std_computing_cost": 1.0980194250742594,
        "model_size": 9377351
    },
    "MLP_1250": {
        "std_verification_cost": 1.4946053187052408,
        "std_computing_cost": 1.113905390103658,
        "model_size": 9500298
    },
    "MLP_1260": {
        "std_verification_cost": 1.2440088351567586,
        "std_computing_cost": 1.1268656571706137,
        "model_size": 9623023
    },
    "MLP_1270": {
        "std_verification_cost": 1.002278733253479,
        "std_computing_cost": 1.1393999894460043,
        "model_size": 9746615
    },
    "MLP_1280": {
        "std_verification_cost": 1.842898416519165,
        "std_computing_cost": 1.1514253536860148,
        "model_size": 9870794
    },
    "MLP_1290": {
        "std_verification_cost": 1.7013739109039308,
        "std_computing_cost": 1.1679517428080242,
        "model_size": 9996589
    },
    "MLP_1300": {
        "std_verification_cost": 1.3975565830866497,
        "std_computing_cost": 1.181087334950765,
        "model_size": 10121964
    },
    "MLP_1310": {
        "std_verification_cost": 1.4235745747884114,
        "std_computing_cost": 1.1974597454071045,
        "model_size": 10248313
    },
    "MLP_1320": {
        "std_verification_cost": 1.0178042332331338,
        "std_computing_cost": 1.211487110455831,
        "model_size": 10375947
    },
    "MLP_1330": {
        "std_verification_cost": 1.5904513438542685,
        "std_computing_cost": 1.2242276748021443,
        "model_size": 10504260
    },
    "MLP_1340": {
        "std_verification_cost": 1.3009451468785604,
        "std_computing_cost": 1.2426248788833618,
        "model_size": 10633446
    },
    "MLP_1350": {
        "std_verification_cost": 2.45479994614919,
        "std_computing_cost": 1.2573981126149496,
        "model_size": 10762201
    },
    "MLP_1360": {
        "std_verification_cost": 1.4018905401229858,
        "std_computing_cost": 1.2730632702509561,
        "model_size": 10893276
    },
    "MLP_1370": {
        "std_verification_cost": 1.1625264008839926,
        "std_computing_cost": 1.2873360474904378,
        "model_size": 11024723
    },
    "MLP_1380": {
        "std_verification_cost": 1.478616444269816,
        "std_computing_cost": 1.303873602549235,
        "model_size": 11155925
    },
    "MLP_1390": {
        "std_verification_cost": 1.5197508176167807,
        "std_computing_cost": 1.3129639784495035,
        "model_size": 11288819
    },
    "MLP_1400": {
        "std_verification_cost": 2.2588186343510945,
        "std_computing_cost": 1.3268383820851644,
        "model_size": 11421139
    },
    "MLP_1410": {
        "std_verification_cost": 1.5455108880996704,
        "std_computing_cost": 1.3447028160095216,
        "model_size": 11555467
    },
    "MLP_1420": {
        "std_verification_cost": 2.9022316455841066,
        "std_computing_cost": 1.3576768159866333,
        "model_size": 11690967
    },
    "MLP_1430": {
        "std_verification_cost": 1.1867700099945069,
        "std_computing_cost": 1.3721852858861288,
        "model_size": 11825172
    },
    "MLP_1440": {
        "std_verification_cost": 1.6131418148676555,
        "std_computing_cost": 1.3870531558990478,
        "model_size": 11962118
    },
    "MLP_1450": {
        "std_verification_cost": 1.1462996006011963,
        "std_computing_cost": 1.4050235430399576,
        "model_size": 12099113
    },
    "MLP_1460": {
        "std_verification_cost": 1.9318763573964437,
        "std_computing_cost": 1.416735847791036,
        "model_size": 12236739
    },
    "MLP_1470": {
        "std_verification_cost": 1.1909332513809203,
        "std_computing_cost": 1.4337813297907511,
        "model_size": 12375396
    },
    "MLP_1480": {
        "std_verification_cost": 1.8874008973439536,
        "std_computing_cost": 1.45057270526886,
        "model_size": 12515023
    },
    "MLP_1490": {
        "std_verification_cost": 1.3447376410166423,
        "std_computing_cost": 1.4640641371409098,
        "model_size": 12654843
    },
    "MLP_1500": {
        "std_verification_cost": 1.027553645769755,