{
    "computing": {},
    "transmitting": {
        "0": {
            "MLP_100": [
                0.12008810043334961,
                0.08082079887390137
            ],
            "MLP_110": [
                0.11067414283752441,
                0.0910038948059082
            ],
            "MLP_120": [
                0.1408388614654541,
                0.10137057304382324
            ],
            "MLP_130": [
                0.14772677421569824,
                0.15801763534545898
            ],
            "MLP_140": [
                0.18919610977172852,
                0.17973875999450684
            ],
            "MLP_150": [
                0.17881059646606445,
                0.13218903541564941
            ],
            "MLP_160": [
                0.18321633338928223,
                0.17212986946105957
            ],
            "MLP_170": [
                0.20286297798156738,
                0.17881393432617188
            ],
            "MLP_180": [
                0.21991395950317383,
                0.21729254722595215
            ],
            "MLP_190": [
                0.1655740737915039
            ],
            "MLP_200": [
                0.17745256423950195
            ],
            "MLP_210": [
                0.23195695877075195
            ],
            "MLP_220": [
                0.24792146682739258
            ],
            "MLP_230": [
                0.20775127410888672
            ],
            "MLP_240": [
                0.23667216300964355
            ],
            "MLP_250": [
                0.2813112735748291
            ],
            "MLP_260": [
                0.2522141933441162
            ],
            "MLP_270": [
                0.31470227241516113
            ],
            "MLP_280": [
                0.32834529876708984
            ],
            "MLP_290": [
                0.295820951461792
            ],
            "MLP_300": [
                0.31172919273376465
            ],
            "MLP_310": [
                0.30053210258483887
            ],
            "MLP_320": [
                0.3135395050048828
            ],
            "MLP_330": [
                0.4035301208496094
            ],
            "MLP_340": [
                0.3384273052215576
            ],
            "MLP_350": [
                0.4216623306274414
            ],
            "MLP_360": [
                0.3742046356201172
            ],
            "MLP_370": [
                0.45615363121032715
            ],
            "MLP_380": [
                0.3865058422088623
            ],
            "MLP_390": [
                0.4059929847717285
            ],
            "MLP_400": [
                0.4621305465698242
            ],
            "MLP_410": [
                0.4314427375793457
            ],
            "MLP_420": [
                0.4917871952056885
            ],
            "MLP_430": [
                0.4655013084411621
            ],
            "MLP_440": [
                0.4702169895172119
            ],
            "MLP_450": [
                0.5635907649993896
            ],
            "MLP_460": [
                0.5093011856079102
            ],
            "MLP_470": [
                0.5116374492645264
            ],
            "MLP_480": [
                0.5603234767913818
            ],
            "MLP_490": [
                0.5956039428710938
            ],
            "MLP_500": [
                0.593238353729248
            ],
            "MLP_510": [
                0.629737138748169
            ],
            "MLP_520": [
                0.6084318161010742
            ],
            "MLP_530": [
                0.5945813655853271
            ],
            "MLP_540": [
                0.685950756072998
            ],
            "MLP_550": [
                0.6900687217712402
            ],
            "MLP_560": [
                0.702646017074585
            ],
            "MLP_570": [
                0.7069745063781738
            ],
            "MLP_580": [
                0.7257609367370605
            ],
            "MLP_590": [
                0.7540593147277832
            ],
            "MLP_600": [
                0.7615993022918701
            ],
            "MLP_610": [
                0.7958300113677979
            ],
            "MLP_620": [
                0.8029742240905762
            ],
            "MLP_630": [
                0.7733845710754395
            ],
            "MLP_640": [
                0.7992877960205078
            ],
            "MLP_650": [
                0.8170239925384521
            ],
            "MLP_660": [
                0.823045015335083
            ],
            "MLP_670": [
                0.832782506942749
            ],
            "MLP_680": [
                0.908135175704956
            ],
            "MLP_690": [
                0.938791036605835
            ],
            "MLP_700": [
                1.055070400238037
            ],
            "MLP_710": [
                1.1119871139526367
            ],
            "MLP_720": [
                1.1045820713043213
            ],
            "MLP_730": [
                1.1741092205047607
            ],
            "MLP_740": [
                1.1434557437896729
            ],
            "MLP_750": [
                1.2258884906768799
            ],
            "MLP_760": [
                1.186450481414795
            ],
            "MLP_770": [
                1.2849335670471191
            ],
            "MLP_780": [
                1.2918283939361572
            ],
            "MLP_790": [
                1.258120059967041
            ],
            "MLP_800": [
                1.302675724029541
            ],
            "MLP_810": [
                1.3716344833374023
            ],
            "MLP_820": [
                1.4017529487609863
            ],
            "MLP_830": [
                1.3650259971618652
            ],
            "MLP_840": [
                1.4644310474395752
            ],
            "MLP_850": [
                1.4202508926391602
            ],
            "MLP_860": [
                1.4797797203063965
            ],
            "MLP_870": [
                1.52309250831604
            ],
            "MLP_880": [
                1.5117771625518799
            ],
            "MLP_890": [
                1.5432584285736084
            ],
            "MLP_900": [],
            "MLP_910": [],
            "MLP_920": [],
            "MLP_930": [],
            "MLP_940": [],
            "MLP_950": [],
            "MLP_960": [],
            "MLP_970": [],
            "MLP_980": [],
            "MLP_990": [],
            "MLP_1000": [],
            "MLP_1010": [],
            "MLP_1020": [],
            "MLP_1030": [],
            "MLP_1040": [],
            "MLP_1050": [],
            "MLP_1060": [],
            "MLP_1070": [],
            "MLP_1080": [],
            "MLP_1090": [],
            "MLP_1100": [],
            "MLP_1110": [],
            "MLP_1120": [],
            "MLP_1130": [],
            "MLP_1140": [],
            "MLP_1150": [],
            "MLP_1160": [],
            "MLP_1170": [],
            "MLP_1180": [],
            "MLP_1190": [],
            "MLP_1200": [],
            "MLP_1210": [],
            "MLP_1220": [],
            "MLP_1230": [],
            "MLP_1240": [],
            "MLP_1250": [],
            "MLP_1260": [],
            "MLP_1270": [],
            "MLP_1280": [],
            "MLP_1290": [],
            "MLP_1300": [],
            "MLP_1310": [],
            "MLP_1320": [],
            "MLP_1330": [],
            "MLP_1340": [],
            "MLP_1350": [],
            "MLP_1360": [],
            "MLP_1370": [],
            "MLP_1380": [],
            "MLP_1390": [],
            "MLP_1400": [],
            "MLP_1410": [],
            "MLP_1420": [],
            "MLP_1430": [],
            "MLP_1440": [],
            "MLP_1450": [],
            "MLP_1460": [],